Study Name,"Year Posted (most recent, Physionet)",Year Published (Paper),Race,Race Present,Ethnicity,Ethnicity Present,Study sample size,Sex Present,Male,Female,Unknown / Not Reported,Total N,Age (mean±SD when available),Age Present,Average Age,Min Age,Max Age,Country/Region,Location ,Pre-existing conditions and/or Symptoms,Instruments used,Data Collected (differnent levels of),Field
"A large scale 12-lead electrocardiogram database for arrhythmia study: A 12-lead electrocardiogram database for arrhythmia research covering more than 10,000 patients",Aug 2022,February 2020,X,0,X,0,"45, 152 patients",1,X,X,X,45152,Includes age ,1,,,,China,"Chapman University, Shaoxing People's Hospital (Shaoxing Hospital Zhejiang University School of Medicine), and Ningbo First Hospital",Includes information about pre-existing conditions or symptoms,GE MUSE ECG System,,cardiac_electrophysiology
A multi-camera and multimodal dataset for posture and gait analysis: Multimodal dataset with 166k samples for vision-based applications with a smart walker used in gait and posture rehabilitation. It is equipped with a pair of Depth cameras with data synchronized with an inertial MoCap system worn by the participant.,Nov 2021,X,X,0,X,0,14,1,10,4,0,14,25.4,1,25.4,18,30,Portugal,Portugal (University of Minho),No clinical history of any abnormalities,MVN BIOMECH,"walking straight in a corridor, turning right in a corner, turning left in a corner at speeds of 0.3, 0.5, and 0.7 m/s",gait/balance/motion
A Pressure Map Dataset for In-bed Posture Classification: Pressure sensor data captured from 13 participants in various sleeping postures.,Sep 2017,Apr 2017,X,0,X,0,Experiment 1: 13 participants               Experiment 2: 8 participants                                       Total # of Subjects Enrolled Altogether: 13,0,X,X,X,13,Experiment 1: 19-34 (range)           Experiment 2: 19-33 (range,1,26.9,19,34,USA,Texas (University of Texas at Dallas)  ,X,Experiment 1: Vista Medical FSA SoftFlex 2048               Experiment 2: Vista Medical BodiTrak BT3510,in-bed posture pressure data,other
"A Wearable Exam Stress Dataset for Predicting Cognitive Performance in Real-World Settings: The data contains electrodermal activity, heart rate, blood volume pulse, skin surface temperature, inter beat interval and accelerometer data recorded during three exam sessions (midterm 1, midterm 2 and finals) as well as their corresponding grades",May 2022,Mar 2022,X,0,X,0,10,0,X,X,X,10,X (college  students were studied),0,X,X,X,USA,Texas (University of Houston,X,Empatica E4 wristband," electrodermal activity, heart rate, blood volume pulse, skin surface temperature, inter beat interval and accelerometer data",multi_parameter
Abdominal and Direct Fetal ECG Database,Aug 2012,2012,X,0,X,0,5 women in labor were analyzed,1,0,5,0,5,38-41 weeks in gestation; age of female patients not specified in PhysioNet or associated publication,0,X,X,X,Poland,"Department of Obstetrics at the Medical University of Silesia (Katowice, Poland)",Women in labor,"KOMPOREL System (ITAM Institute, Zabrze, Poland). Each recording comprises 4 different signals acquired from ",,cardiac_electrophysiology
"AF Termination Challenge Database: ECG recordings created for the Computers in Cardiology Challenge 2004, which focused on predicting spontaneous termination of atrial fibrillation.",Apr 2004,Sep 2004,X,0,X,0,Three groups in Learning Set: 1.  Group N (non-terminating Atrial Fibrillation); 2. Group S (AF that terminates 1 minute after end of record); 3.  Group T (AF that terminates immediately (within 1 second) after end of record,0,X,X,X,X,X,0,X,X,X,USA,X,X,Not listed; two ECG signals used,,cardiac_electrophysiology
AHA Database Sample Excluded Record: Two ECG signals that were excluded from the 1980 American Heart Association database.,Jun 2003,X,X,0,X,0,80 recordings (10 for each existing condition) for development set; 75 recordings for test set,0,X,X,X,X,X,0,X,X,X,USA,Washington University (St. Louis),"No ventricular ectopy, isolated unifocal PVCs, isolated multifocal PVCs, ventricular bi- and trigeminy, R-on-T PVCs, ventricular couplets, ventricular tachycardia, ventricular flutter/fibrillation",Not listed; two ECG signals used,,cardiac_electrophysiology
ANSI/AAMI EC13 Test Waveforms: The files in this set can be used for testing a variety of devices that monitor the electrocardiogram. The recordings include both synthetic and real waveforms.,Jan 2003,X,X,0,X,0,Not explicitly mentioned,0,X,X,X,X,X,0,X,X,X,X,X,X,not listed; includes both synthetic and real waveforms,Collection of ECG Recordings,cardiac_electrophysiology
Apnea-ECG Database: Seventy ECG signals with expert-labelled apnea annotations and machine-generated QRS annotations.,Feb 2000,Feb 2000,X,0,X,0,70 nightime ECG recordings and 31 subjects incorporated from 2 studies,1,25,7,0,32,Class A: 50 (mean); 29-63 (range)              Class B: 46 (mean); 39-53 (range)            Class C: 33 (mean); 27-42            Average Age of Subjects Across all Classes: 43.87,1,43.87,27,63,USA,X,X,X,"Each recording includes a continuous digitized ECG signal, a set of apnea annotations and a set of machine-generated QRS annotations (in which all beats regardless of type have been labeled normal).",cardiac_electrophysiology
Auditory evoked potential EEG-Biometric dataset: Recording of electroencephalogram (EEG) signals with the aim to develop an EEG-based Biometric. The Data includes resting-state and auditory stimuli experiments.,Dec 2021,X,X,0,X,0,240 two-minute EEG recordings obtained from 20 volunteers,1,X,X,0,20,Reported,1,26,21,31,Italy,Italy (Marche Polytechnic University (UNIVPM)),X,"OpenBCI Ganglion Board, 200 Hz sampling rate, four channels: T7, F8, Cz, and P4.",resting state EEG signals (in patients with eyes open and eyes closed),neuroelectric
"Autonomic Aging: A dataset to quantify changes of cardiovascular autonomic function during healthy aging: This database contains resting recordings of ECG and continuous noninvasive blood pressure of 1,104 healthy volunteers",Jul 2021,X,X,0,X,0,"1, 121",1,429,691,1,1121,reported (in terms of age groups),1,32.5,18,92,Germany,Germany (Jena University Hospital),"-""healthy volunteers""",Group 1: TFM: CNSystems Task Force Monitor                     Group 2: BIOPAC MP150 with CNSystems CNAP 500,ECG and non-invasive blood pressure signals,multi_parameter
Behavioral and autonomic dynamics during propofol-induced unconsciousness: Multimodal point process indices for heart rate variability and electrodermal activity for 9 subjects who are undergoing a controlled propofol sedation experiment where the concentration was increased and then decreased in stages.,Jul 2021,X,X,0,X,0,9,0,X,X,X,9,X,0,X,X,X,USA,"Boston, Massachusetts (Massachusetts General Hospital)","-""healthy volunteers""",2 electrodes placed on hand to measure electrodermal activity,Continuous ECG and EDA were collected. LOC and ROC times were annotated based on the lack of patients' response to pressing a button,multi_parameter
BIDMC Congestive Heart Failure Database: Long-term ECG recordings from 15 subjects with severe congestive heart failure.,Oct 2000,Mar 1986,X,0,X,0,15,1,11,4,0,15,Men (22-71)       Women (54-63),1,56.3,22,71,USA,"Boston, Massachusetts (Beth Israel Hospital)","Severe congestive HF (NYHA Class 3-4)        -conventional medical therapy prior to receiving the oral inotropic agent, milrinone.",Ambulatory ECG recorders with bandwidth of 0.1 Hz. ,ECG recordings,cardiac_electrophysiology
"BIDMC PPG and Respiration Dataset: ECG signals extracted from the MIMIC-II Matched Waveform Database, with manual breath annotations added by annotators using impedance respiratory signal.",Jun 2018,Aug 2017,X,0,X,0,53,1,21,32,0,53,-Median Age: 64.81  (unknown age for one patient)             -Age Range: 19-90+,1,64.81,19,90,USA,"Boston, Massachusetts (Beth Israel Hospital)",Critically-ill patients,CareVue Clinical Information System (models M2331A and M1215A                Component Monitoring System Intellivue MP-70; Philips Healthcare) ,-PPG recordings and respiratory signals,multi_parameter
BIG IDEAs Lab Glycemic Variability and Wearable Device Data: Glucose measurements and wrist-worn wearable sensor data from highnormoglycemic participants.,Sep 2018,Jun 2021,White/Caucasian: 11;        Black/African American: 4;         Biracial: 1;              Other: 0 (values obtained from supplementary table on associated publication),1,X,0,16,1,7,9,0,16,35 - 65,1,X,35,65,USA,"Durham, North Carolina (Duke)","- only post-menopausal females                      -point of care A1C measurement between 5.2-6.4%, inclusive",-Dexcom 6 continuous glucose monitor (CGM)                                   -Empatica E4 Wristband,"-measurement of glucose, hemoglobin A1C, lipoproteins, and triglycerides                        -heart rate, accelerometry, and electrodermal conductance",clinical
Body Sway When Standing and Listening to Music Modified to Reinforce Virtual Reality Environment Motion: This data were intended to show that music manipulated to match VR motion provided by an Oculus Rift head mounted display increased body sway when standing still.,Jan 2021,X,X,0,X,0,28,1,13,15,0,28,18-35,1,X,18,35,USA,"Indianapolis, Indiana (Indiana University Purdue University)","-Subjects did not have any of the following exclusion criteria: vertigo, motion sickness, or vestibular deficits",Oculus Rift head mounted display,"-anterior posterior (AP) and medial lateral (ML) center of pressure movement                                                -subjects experienced combinations of 3 visual conditions (VR translation in the AP direction at 0.1 Hz, no translation, and eyes closed) and 4 music conditions (Mozart’s Jupiter Symphony modified to scale volume at 0.1 Hz and 0.25 Hz, unmodified music, and no music",gait/balance/motion
Brain Hemorrhage Extended (BHX): Bounding box extrapolation from thick to thin slice CT images,Jul 2020,X,X,0,X,0,491,1,316,178,0,494,X,0,X,X,X,India,Multiple centers around India,-excluded postoperative scans and scans of patients younger than 7 years. ,-,"-dataset head CT scans and respective clinical reports                   -annotations of  bounding box annotations for 5 types of acute hemorrhage (Intraparenchymal, Subarachnoid, Intraventricular, Epidural, Subdural, and extra sixth label for Chronic Subdural Hematoma)",other
Brno University of Technology ECG Quality Database (BUT QDB): The database is intended for the development and objective comparison of algorithms designed to assess the quality of ECG records. It also enables objective comparison of results between authors.,Jul 2020,X,X,0,X,0,15,1,6,9,0,15,41,1,41,21,83,Czech Republic,"Brno, Czehcia (Czech Republic)","-Patients took part in all ""free-living conditions"" with the Bittius Faros 180 device (except for bathing, showering, and swimming in order to protect the device)",-Bittium Faros 180 device (ECG recorder with integrated accelerometer),-ECG and accelerometer signals,cardiac_electrophysiology
Brno University of Technology ECG Signal Database with Annotations of P Wave (BUT PDB),Jan 2021,X,X,0,X,0,50,0,X,X,X,X,X,0,X,X,X,Czech Republic,X,"-There are 23 different types of pathology are present (atrial premature beat, atrial fibrillation, atrial flutter, ventricular bigeminy, atrioventricular block 1st degree, atrioventricular block 2nd degree, atrioventricular block 3rd degree, ventricular escape beat, fusion of ventricular and normal beat, idioventricular rhythm, nodal beat, left bundle branch block beat, sinus arrythmia, nodal rhythm, paced rhythm, pre-excitation, right bundle branch block beat, supraventricular ventricular bigeminy, ventricular premature beat, ventricular flutter, ventricular pair, aberrated atrial premature beat)",X,"-ECG signal database with marked P waves                   -data collected from three existing databases of ECG signal - the MIT-BIH Arrhythmia Database, the MIT-BIH Supraventricular Arrhythmia Database, and the Long Term AF Database",cardiac_electrophysiology
Brno University of Technology Smartphone PPG Database (BUT PPG),Jan 2021,Sep 2021,X,0,X,0,12,1,6,6,0,12,21-61 age range; average: 36,1,36,21,61,Czech Republic,"Brno, Czehcia",X,-smartphone Xiaomi Mi9 (with sampling frequency of 30 Hz) for collection of PPG data               -Bittium Faros 360 (mobile ECG recorder) with sampling frequency of 1000 Hz for collection of reference ECG signals,"- evaluating PPG quality and estimation of heart rate (HR); also collected pertinent reference ECG signals                     -Each PPG signal includes annotation of quality and reference HR. PPG signal quality is indicated binary: 1 indicates good quality for HR estimation, 0 indicates signals where HR cannot be detected reliably and thus these signals are unsuitable for any analysis.

",cardiovascular
CAP Sleep Database,Jul 2012,Nov 2001,X,0,X,0,108,1,66,42,0,108,14-82 (age range); 45.2 (average),1,45.2,14,82,Italy,"Parma, Italy (Sleep Disorders Center of the Ospedale Maggiore)","-The 16 healthy subjects included in the study did not present any neurological disorders and were free of drugs affecting the central nervous system. The 92 pathological recordings include 40 recordings of patients diagnosed with NFLE, 22 affected by RBD, 10 with PLM, 9 insomniac, 5 narcoleptic, 4 affected by SDB and 2 by bruxism.",X,-periodic EEG activity occurring during NREM sleep (polysomnographic recordings);                      -characterized by cyclic sequences of cerebral activation (phase A) followed by periods of deactivation (phase B) which separate two successive phase A periods with an interval <1 min.,multi_parameter
Cardiorespiratory measurement from graded cycloergometer exercise testing,Jun 2022,Sep 2021,X,0,X,0,18,1,10,8,0,18,15.2 ± 2 year-old,1,15.2,12,18,France,"French West Indies (Guadeloupe, France)","Participants belonged to a national division of fencing, or a regional division of sprint kayak and triathlon","SRM Indoor Trainer electronic cycloergometer (Schoberer Rad Meßtechnik, Jülich, Germany); Metalyzer 3B gas analyzer system (CORTEX Biophysik GmbH, Leipzig, Germany); Electro Cardiogramm (ECG) recordings (Cardio 110BT, Customed, Ottobrunn, Germany, with 12 derivations)","- cardiorespiratory measurements acquired during 18 cycloergometer maximal graded exercise tests ;   -Data correspond to heart R-wave to R-wave intervals, Oxygen consumption, and mechanical power output on a beat-to-beat basis recorded all along the graded exercise test sessions;       -Clinical data of the participants (i.e. age, Weight, Height, Power at ventilatory threshold 1 and 2, and sport discipline) also collected",cardiorespiratory
CAST RR Interval Sub-Study Database,Jul 2004,Mar 2000,628 White; 141 non-white,1,X,0,"-734 patients, of whom 69 died during the study period;                       -database also includes data from 75 additional subjects for whom only one acceptable recording was available but who satisfied the other selection criteria",1,632,137,0,769,"60 ± 10 (males);      63 ± 8 (females)                   in raw .hea data files on PhysioNet, only age range instead of specific age is given for each patient",1,X,X,X,USA,Washington State (University of Washington,"- CAST patients were post MI and had ≥ 6 ventricular premature complexes/h on pretreatment recordin;        -In original study, patients were randomly assigned to receive Encainide, Flecainide, and Moricizine;            -had usable pre-treatment and on-therapy recordings, based on data collected during the original CAST and CAST II studies
-received a randomly-assigned antiarrhythmic treatment that successfully reduced their PVC rates by at least 80% on the first attempt, and
-continued on that treatment.",X,-Frequency domain anlaysis of heartrate variability,cardiac_electrophysiology
Cerebral perfusion and cognitive decline in type 2 diabetes,Aug 2022,Nov 2011,X,0,X,0,"140 (70 with Type II Diabetes mellitus; 70 control) as reported in PhysioNet summary description; however, associated csv summary data file only shows 88 records (13 control; 75 Diabetes Mellitus)",1,50,38,0,88,50-85,1,65.8,50,85,USA,"Boston, Massachusetts (Beth Israel Deaconess Medical Center)","-Experiemntal Group had Type II Diabetes and were treated for at least 1 year; Control Group were not being treated for any systemic cardiovascular, renal, or 
neurological disease and with no focal deficit on neurological exam, had normal glucose and HbA1c, and 
were normotensive (BP<140/90mm Hg) or diagnosed with hypertension.",X,"-Blood flow velocities were measured in the anterior and middle cerebral arteries using transcranial Doppler ultrasound. Cerebral vasoregulation was evaluated by comparing blood flow velocity responses during hypocapnia and hypercapnia, Valsalva maneuver, head-up tilt and sit-to-stand test using simultaneous recordings of cardiovascular variables, blood flow velocity in the anterior and middle cerebral artery using transcranial Doppler and respiratory variables. ",gait/balance/motion
Cerebral Vasoregulation in Diabetes,Jan 2020,Jul 2006,White (43); African American (4); Asian (3),1,Hispanic and Latino (2); only Hispanic (1); Non-Hispanic and Non-Latino (47),1,86 (37 diabetic patients; 49 control),1,28,22,0,50,55-75,1,X,55,75,USA,"Boston, Massachusetts (Beth Israel Deaconess Medical Center)",, General Electric 3.0 Tesla VHI scanner (TCD and MRI); ,"-continuous measurements of cerebral blood flow using transcranial Doppler and MRI, heart rate, blood pressure, and respiratory parameters, balance, walking, laboratory and retinopathy measures.",multi_parameter
Cerebral Vasoregulation in Elderly with Stroke,Oct 2018,Jan 2011,"White (139), African American (26), American Indian (1), Asian (5), Unknown (1)",1,"non-Hispanic/Latino (168), Hispanic/Latino (2),Unknown (2)",1,"120 patients (60 suffered stroke; 60 control patients) (noted on description page of Physionet); however, raw data files on PhysioNet indicate that a total of 197 patients were initially enrolled (which were reported in our general data table)",1,76,96,0,172,47-81,1,66.75,47,81,USA,"Boston, Massachusetts (Beth Israel Deaconess Medical Center)","Subjects with brain hemorrhage, diabetes mellitus, significant arrythmias, uncontrolled hypertension, morbid obesity, controls with carotid stenosis or cases with contralateral stenosis were excluded","3-D positioning probe holder (PMD150 Spencer Technologies, Inc., WA); 3-lead electrocardiogram (SpaceLab Medical, Issaquah, WA); Finapress device (Ohmeda Monitoring Systems, Englewood, CO); Capnomac Ultima","-transcranial doppler of cerebral arteries, 24-h blood pressure numerics, high resolution waveforms (ECG, blood pressure, CO2 and respiration) during various movement tasks, 24-h ECG, EMG, and accelerometer recordings, and gait pressure recordings during a walking test",multi_parameter
"Cerebromicrovascular Disease in Elderly with Diabetes: Type 2 diabetes increases risk for cerebrovascular disease, cognitive and mobility decline in older people. This project evaluated relationship between diabetes, inflammation cerebrovascular reactivity and functional outcomes.",Aug 2022,Nov 2011,"White (94), African American (21), Asian (1), Latino (3), Unknown/Other (3),    ****Note: Demographics for this study were only reported for Part 1 of the study",1,X,0,120 patients (60 people had diabetes; 60 people in control group) (noted on PhysioNet);              147 patients (71 diabetic; 76 nondiabetic) (on PubMed publication),1,73,74,0,147, 65.2 ± 8 (publication)       range 55 to 75 years (physionet),1,65.2,55,75,USA,"Boston, Massachusetts (Beth Israel Deaconess Medical Center)","Exclusion criteria were type 1 diabetes; recent history of stroke or myocardial infarction; dementia; significant cardiac, renal, neurologic, and kidney disorders; claustrophobia; and magnetic resonance imaging (MRI)-incompatible implants.",3T GE HDx MRI scanner,"effects of type 2 diabetes mellitus (DM) on cerebral vasoregulation, perfusion and functional outcomes, measured by blood flow responses to hypocapnia and hypercapnia, Valsalva maneuver, head-up tilt, and sit-to-stand test.",multi_parameter
"CHARIS database: Multi-channel recordings of ECG, arterial blood pressure (ABP), and intracranial pressure (ICP) of patients diagnosed with traumatic brain injury.",Jan 2017,Dec 2016,X,0,X,0,13 (per Excel records),1,5,4,4,13,"46, 3 not reported",1,46,19,74,USA,"Rutgers, New Jersey (Robert Wood Johnson Medical Center)",X,"General Electric TRAM-rac 4A; micro transducers (Camino Direct Pressure Monitor, Camino Laboratories, San Diego, CA; fluid-filled catheter (Arterial Line, Edwards LifeSciences Inc.).","multi-channel recordings of ECG, arterial blood pressure (ABP), and intracranial pressure (ICP) of patients diagnosed with traumatic brain injury (TBI).",multi_parameter
"CHB-MIT Scalp EEG Database: EEG recordings from pediatric subjects with intractable seizures, collected at the Children’s Hospital Boston.",Jun 2010,2009,X,0,X,0,22 subjects; 24 available recordings,1,5,17,0,22,3-22 (male); 1.5-19 (female),1,9.98,1.5,22,USA,"Boston, Massachusetts (Children's Hospital Boston)",X,,EEG recordings from pediatric subjects with intractable seizures,neuroelectric
"CiPA ECG Validation Study: ECG effects of ranolazine, verapamil, lopinavir+ritonavir, chloroquine, dofetilide, diltiazem, and dofetilide+diltiazem in a small clinical study.",Dec 2018,Nov 2018,X,0,X,0,60 (total); 50 in Part 1; 10 in Part 2 (cross-over study),1,38,22,0,60,31.7 ± 8.7,1,31.7,19,50,USA,"West Bend, Wisconsin",All healthy subjects, ECG recordings were performed using the Mortara Surveyor system sampled at 500 Hz with an amplitude resolution of 2.5 μV,multi-channel ECG recordings,cardiac_electrophysiology
Clinical data from the MIMIC-II database for a case study on indwelling arterial catheters: Dataset extracted from MIMIC-II for a tutorial on effectiveness of indwelling arterial catheters in hemodynamically stable patients with respiratory failure for mortality outcomes.,Oct 2016,Sep 2016,X,0,X,0,1776 patients,1,1025,750,1,1776,54.376,1,54.376,15.2,99.1,USA,,patients who were mechanically ventilated during the first day of ICU admissio,X,"46 variables, including demographics (e.g. age, weight), clinical observations collected during the first day of ICU stay (e.g. white blood cell count, heart rate), and outcomes (e.g. 28 day mortality and length of stay).",clinical
"Combined measurement of ECG, Breathing and Seismocardiograms: ECG and seismocardiogram data collected from 20 presumed healthy volunteers.",Dec 2014,Sep 2013,X,0,X,0,20 patients (60 records) as reported on Physionet; 17 patients as reported in associated publication,1,11,6,3,20,24.7 years ± 3.9 years (reported in associated publication),1,24.7,X,X,Spain,"Barcelona, Spain",healthy patients,"Biopac MP36 data acquisition system (Santa Barbara, CA, USA); respiratory signal obtained from a thoracic piezoresistive band (SS5LB sensor by Biopac, Santa Barbara, CA, USA)","measurement of ECG, Breathing and Seismocardiograms",multi_parameter
Complex Upper-Limb Movements: Hand trajectory data collected from ten subjects as they performed various upper-limb motor tasks.,Aug 2018,Aug 2018,X,0,X,0,10,1,7,3,0,10,26.4±4.52 years,1,26.4,X,X,USA,"Boston, Massachusetts (Spaulding Rehabilitation Hospital)",Patients with no known neurological or orthopedic conditions affecting the control of motion,"camera-based motion capture system (VICON, Oxford UK)","x-, y-, and z-coordinates of the reflective marker utilized in each experiment to represent the hand trajectory of movement",gait/balance/motion
"Congestive Heart Failure RR Interval Database: This database includes beat annotation files for 29 long-term ECG recordings of subjects aged 34 to 79, with congestive heart failure (NYHA classes I, II, and III).",Mar 2003,X,X,0,X,0,31,1,8,2,19,29,34-79,1,55.3,34,79,USA,"Boston, Massachusetts (Beth Israel Deaconess Medical Center)","Patients had congestive heart failure (NYHA classes I, II, and III)",X,ECG recordings,cardiac_electrophysiology
Continuous Cuffless Monitoring of Arterial Blood Pressure via Graphene Bioimpedance Tattoos: Cuffless blood pressure data repository that includes raw time data for 4-channel Bioimpedance signals using Graphene Tattoos from the wrist with synchronized continuous blood pressure and PPG signals from 7 subjects,June 2022,X,X,0,X,0,7,0,X,X,X,7,"Patients were in ""mid-twenties""",1,X,X,X,USA,"College Station, University of Texas A&M",No individuals with hypertension were specifically selected for this proof-of-concept study.,"analog-to-digital converter (ADS1278, Texas Instruments, USA);  Finapres NOVA BP system.",raw time data for the 4-channel GET Bioimpedance signals with BP and PPG signals,cardiovascular
CPAP Pressure and Flow Data from a Local Trial of 30 Adults at the University of Canterbury: A pressure and flow dataset was collected from a trial of 30 adults at the University of Canterbury undergoing CPAP therapy for a variety of instructed breath rates at PEEP levels of 4cmH2O and 7cmH2O.,Mar 2022,X,X,0,X,0,30,1,15,15,0,30,19-58 (average age: 25.1),1,25.1,19,58,New Zealand,New Zealand,"30 healthy patients studied (also included vapers, smokers, and asthmatics)","dual-Venturi apparatus (Figure 2) with central expiration hole was 3D printed to fit standard CPAP masks (FreeMotion RT041, Fisher and Paykel Healthcare, New Zealand); central Arduino unit (Nano V3, Baite Electronics, China) in analogue-to-digital converter (ADC) counts; differential pressure sensors (Sensirion AG SDP816-125PA) and gauge pressure sensors (NXP MPVZ4006GW7U)",PAP Pressure and Flow Data,other
CTU-CHB Intrapartum Cardiotocography Database,,,X,0,X,0,552 cardiotocography recordings,1,0,552,0,552,Maternal subjects: avergage is 29.8 (18-46)                 average gestational age: 40 weeks (range: 37 weeks - 43),1,29.8,18,46,Czech Republic,"Brno, Czech Republic","Singleton pregnancy
Gestational age >36 weeks
No a priori known developmental defects
Duration of stage 2 of labor ≤ 30 minutes
FHR signal quality (i.e. percentage of the recording during which FHR data were available) > 50% in each 30 minute window
Available analysis of biochemical parameters of umbilical arterial blood sample (i.e. pH)
Majority of vaginal deliveries (only 46 cesarean section (CS) deliveries included)","The CTGs were recorded using STANS21 and S31 (NeoventaMedical,Mölndal,Sweden) and AvalonFM40 and FM50 (PhilipsHealthcare,Andover,MA) fetalmonitors. All CTG signals were stored in an Electronicform in the OB TraceVue®system (Philips)",cardiotocography recordings,cardiovascular
"CU Ventricular Tachyarrhythmia Database: This database includes 35 eight-minute ECG recordings of human subjects who experienced episodes of sustained ventricular tachycardia, ventricular flutter, and ventricular fibrillation.",May 2007,Dec 1987,X,0,X,0,35 eight-minute ECG recordings,0,X,X,X,X,X,0,X,X,X,USA,"Omaha, Nebraska","subjects who experienced episodes of sustained ventricular tachycardia, ventricular flutter, and ventricular fibrillation.",X,8-minute ECG recordings,cardiac_electrophysiology
CUILESS2016: A corpus of Concept Unique Identifier concepts taken from the SemEval2015 Task 14.,Jan 2018,Jan 2018,X,0,X,0,5397 disorder mentions were annotated,0,X,X,X,X,X,0,X,X,X,USA,X,X,X,"corpus of ""CUI-less"" concepts taken from the SemEval2015 Task 14 that have been assigned CUIs.",other
"ECG Effects of Dofetilide, Moxifloxacin, Dofetilide+Mexiletine, Dofetilide+Lidocaine and Moxifloxacin+Diltiazem",Sep 2016,Nov 2015,"White (10); Black or African American (10), Asian (1), American Indian or Alaskan Native (1)",1,Hispanic/Latino (2); Non-Hispanic/Latino (20),1,22 patients; original raw data had 4211 original extracted 10-second standard 12 lead ECG segments),1,13,9,0,22,26.47 (raw data),1,26.47,X,X,USA,"West Bend, Wisconsin",healthy patients,"Mortara Surveyor system (Mortara, Milwaukee, WI)",continuous ECG recordings,cardiac_electrophysiology
"ECG Effects of Ranolazine, Dofetilide, Verapamil, and Quinidine",Jul 2016,Jul 2014,"White (17), African American (4), Asian (1)",1,Hispanic/Latino (1); Non-Hispanic/Latino (22) ,1,22 stated in PhysoNet; Raw directory has  5232 original extracted 10-second standard 12 lead ECG segments,1,11,11,0,22,26.97 (raw),1,26.97,X,X,USA,"West Bend, Wisconsin","healthy patients; CRITERIA: without a history of heart disease or unexplained syncope or a family history of long QT syndrome; to be 18–35 years of age, weigh at least 50 kg, and have a body mass index of 18–27 kg/m2; and to be able to read and understand the informed consent.","2-lead ECG recorder (Surveyor, Mortara Instrument, Milwaukee, WI) using the Mason–Likar52 electrode configuration; Plasma drug concentration was determined using a validated liquid chromatography with tandem mass spectroscopy method by Frontage Laboratories (Exton, Philadelphia, PA).",multi-channel ECG recordings,cardiac_electrophysiology
ECG Fragment Database for the Exploration of Dangerous Arrhythmia,Mar 2022,May 2021,X,0,X,0,Each of six classes represented by sample of 90 objects (total of 540 objects),0,X,X,X,X,X,0,X,X,X,USA,"No stated physical location; collected from MIT-BIH Malignant Ventricular Ectopy Database
","6 classes; 1. Life-threatening arrhythmias requiring urgent resuscitation:
VFL: ventricular flutter;
VF: ventricular fibrillation.
A special form of life-threatening arrhythmias:
VTTdP: ventricular tachycardia torsade de pointes.
Life-threatening ventricular arrhythmias:
VTHR: high rate ventricular tachycardia (monomorphic and polymorphic).
Potentially dangerous ventricular arrhythmias:
VTLR: low rate ventricular tachycardia (monomorphic and polymorphic);
B: ventricular bigeminy;
HGEA: high degree of ventricular ectopic activity;
VER: ventricular escape rhythm.
Supraventricular arrhythmias:
AFIB: atrial fibrillation;
SVTA: supraventricular tachycardia;
SBR: sinus bradycardia;
BI: first-degree heart block;
NOD: nodal (a-v) rhythm.
Sinus rhythm:
BBB: sinus rhythm with bundle branch block;
N: normal sinus rhythm;
Ne: normal rhythm with single extrasystole.",X,2 second fragments of ECG signals,cardiac_electrophysiology
ECG-ID Database: ECG recordings from 90 volunteers.,Mar 2014,Jun 2005,X,0,X,0,310 ECG recordings from 90 patients,1,44,46,0,90,13-75,1,28.4,13,75,Russia,"Petersburg, Russia",X,X,single-lead ECG recordings,cardiac_electrophysiology
EEG During Mental Arithmetic Tasks,Dec 2018,Jan 2019,X,0,X,0,36,1,9,27,0,36,18.25 (average),1,18.25,16,26,Ukraine,"Kyiv, Ukraine","The participants were eligible to enroll in the study if they had normal or corrected-to-normal visual acuity, normal color vision, had no clinical manifestations of mental or cognitive impairment, verbal or non-verbal learning disabilities. Exclusion criteria were the use of psychoactive medication, drug or alcohol addiction and psychiatric or neurological complaints.","Neurocom EEG 23-channel system (Ukraine, XAI-MEDICA)",EEG recordings of subjects before and during the performance of mental arithmetic tasks.,neuroelectric
EEG Motor Movement/Imagery Dataset,Sep 2009,Jun 2004,X,0,X,0,"data set consists of over 1500 one- and two-minute EEG recordings, obtained from 109 volunteers",0,X,X,X,109,X,0,X,X,X,USA,"Albany, New York",X, 64-channel EEG were recorded using the BCI2000 system (http://www.bci2000.org),64 channel EEG recordings while subjects were performing different motor/imagery tasks,neuroelectric
"EEG Signals from an RSVP Task: This project contains EEG data from 11 healthy participants upon rapid presentation of images through the Rapid Serial Visual Presentation (RSVP) protocol at speeds of 5, 6, and 10 Hz.",May 2017,May 2017,X,0,X,0,11,1,7,4,0,11,"24.3 ± 3.7 (range of 19-33) (noted on associated publication, not on Physionet page/summary nor raw data files)",1,24.3,19,33,UK,"Essex, England (University of Essex)",Patients had normal or corrected-to-normal vision,BioSemi ActiveTwo system at a sample rate of 2048 Hz (collecting EEG signals),"contains EEG data from patients after presentation of images through the Rapid Serial Visual Presentation (RSVP) protocol at speeds of 5, 6, and 10 Hz",neuroelectric
Effect of 24-hour sleep deprivation on cerebral hemodynamics and cognitive performance,Apr 2021,X,X,0,X,0,originally 10 subjects; 1 subject excluded due to poor quality of NIRS signals,1,10,0,0,10,27.6±3.7 ,1,27.6,X,X,USA,"Norman, Oklahoma (University of Oklahoma)",X," NIRScout platform (NIRx Medical Technologies LLC, NY, USA) for NIRS measurements", functional near-infrared spectroscopy (fNIRS) measurements and recordings,other
Effect of Deep Brain Stimulation on Parkinsonian Tremor: Rest tremor velocity in the index finger of 16 subjects with Parkinson's disease who receive chronic high frequency electrical deep brain stimulation.,Aug 2001,X,X,0,X,0,16,1,11,5,0,16,Patients with high amplitude tremor: 58.5 ±  9.8;     Patients with low amplitude tremor: 52.8 ± 10.2,1,55.6,37,71,X,X,"Patients had Parkinson's Disease. In this study, patients were dividided into two groups: patients with high amplitude tremor and patients with low amplitude tremor",X,rest tremor velocity in the index finger of patients with Parkinson's Disease,neuroelectric
eICU Collaborative Research Database Demo: An openly available subset of the eICU Collaborative Research Database.,May 2021,X,"160 African Americans, 25 Asians, 1462 Caucasians, 9 Native Americans, 66 marked as Unknown/Unreported, 28 not reported on datasheet, 91 Hispanics",1,Wrote Hispanics under Race instead of Ethnicity,1,"demo dataset contains data associated with (ICU) stays for over 2,521 unit stays selected from 20 of the larger hospitals in the eICU Collaborative Research Database; total number of patients reported in raw csv patient data files were 1841 (after removal of redundant patient unique IDs)",1,1083,755,3,1841,Minimum Age: 15;        Maximum Age: >89,1,X,15,89,USA,ICUs across United States,X,Data is collected through the Philips eICU program (telehealth program),"multi-center database comprised of deidentified health data for over 200,000 admissions to ICUs across the United States between 2014-2015. The database includes vital sign measurements, care plan documentation, severity of illness measures, diagnosis information, and treatment information. ",clinical
"Electrocardiogram, skin conductance and respiration from spider-fearful individuals watching spider video clips: Dataset used for development of an algorithm for on-line anxiety level detection from biosignals.",June 2020,June 2020,X,0,X,0,57 on PhysioNet database; 80 in associated publication,0,X,X,X,57,"not specified in this PhysioNet  dataset; however, in original publication, 80 subjects aged between 18 and 40 years participated in the study",0,X,18,40,Germany,"Saarbrücken, Germany (Saarland University)",All individuals studied were scared of spiders. ,"wearable BITalino biosignal measurement device (PLUX – Wireless Biosignals S.A., Lisbon, Portugal)","lectrocardiogram, skin conductance and respiration as raw data (unfiltered, unprocessed) recorded from consented, spider-fearful individuals using the wearable BITalino biosignal measurement device ",multi_parameter
EPHNOGRAM: A Simultaneous Electrocardiogram and Phonocardiogram Database,June 2021,X,X,0,X,0,24,1,24,0,0,24,"25.4 ± 1.9,age is missing for three of the male subjects",1,25.4,23,29,Iran,X,X,Study developed their own instrument for simultaneous ECG and PCG recordings,"evelopment of low-cost and low-power devices for recording simultaneous electrocardiogram (ECG) and phonocardiogram (ECG) data, with auxiliary channels for capturing environmental audio noise, which could be used for PCG quality enhancement through signal processing. ",cardiovascular
ERP-based Brain-Computer Interface recordings: Data generated as part of a study aimed at identifying the factors limiting the performance of brain-computer interfaces based on event-related potentials.,Mar 2014,Sep 2010,X,0,X,0,"12 separate folders for each subject in raw data of Physionet; however, the summary only reports 10 subjects",0,X,X,X,12,X,0,X,X,X,X,X,,Data were collected using a BioSemi ActiveTwo EEG system sampled at 2048 Hz. , P300 amplitude changes,neuroelectric
"European ST-T Database: Annotated excerpts of ambulatory ECG recordings from 79 subjects, designed for evaluation of algorithms for analysis of ST and T-wave changes.",Nov. 2009,Sep 1992,X,0,X,0,79 subjects,1,70,8,1,79,Men: 30-84;      Women: 55-71               Average Age: 54.6 (ages for two participants are missing on Physionet raw data hea files),1,54.6,30,84,X,8 various Countries,X,not stated,ambulatory ECG recordings,cardiac_electrophysiology
Evoked Auditory Responses in Heading Impaired: Auditory Brainstem Response and Otoacoustic Emission recordings in eight hearing impaired listeners.,Sep 2017,Jan 2012,X,0,X,0,8,1,4,4,0,8,"Average: 68.8 (not reported in summary; calculated by analyzing raw hea files);    Age range based on analyzing raw data files is 40-87, although it reports 40-85 on Physionet description of data",1,68.8,40,87,USA,"Boston, Massachusetts (Northeastern University)",Patients with known history of hearing impairment confirmed through clinical tests and thresholds higher than 25 dB HL (at least one octave frequency between 250 Hz to 8 kHz),stimuli were generated in MATLAB (2006b running on Ubuntu) and converted from digital (48-kHz sampling frequency) to analog using a 24-bit Lynx Two sound card. The analog signal was then passed through a Tucker-Davis Technologies HB7 headphone buffer and presented monaurally via the two transducers of the Etymotic ER-10C to a listener inside a double-walled sound-attenuating booth.,contains evoked Auditory Brainstem Response (ABR) and Otoacoustic Emission (OAE) recordings in hearing impaired individuals,neuroelectric
Evoked Auditory Responses in Normals: Auditory Brainstem Response and Otoacoustic Emission recordings generated as part of a study examining evoked potentials and loudness growth.,Feb 2011,Jun 2010,X,0,X,0,8,1,4,4,0,8,19-31 (stated in publication but not on PhysioNet),1,X,19,31,USA,"Boston, Massachusetts (Northeastern University)",Patients had no history of hearing difficulties and their audiometric thresholds did not exceed 15 DB HL at octave frequencies from 250 Hz to 8 kHz," electrode signal was then sent to a GRASS QP511 Quad AC Amplifier, where it was band-pass filtered from 30-3000 Hz, amplified by a factor of 50000, sent to a 32-bit Lynx Two Soundcard (outside the booth), and sampled at 48 kHz",auditory brainstem response (ABR) and otoacoustic emissions (OAE) and two sets of psychoacoustical estimates of loudness as a function of peak sound pressure level (peSPL,neuroelectric
Examples of Electromyograms,Sep 2009,X,X,0,X,0,3,1,3,0,0,3,Average: 54.3 (44-62),1,54.3,44,62,USA,"Boston, Massachusetts (Beth Israel Deaconess Medical Center)","Patient 1 had no history of neuromuscular disease; Patient 2 had chronic low back pain and neuropathy due to a right L5 radiculopathy; Patient 3 had myopathy due to longstanding history of polymyositis, treated effectively with steroids and low-dose methotrexate","Medelec Synergy N2 EMG Monitoring System (Oxford Instruments Medical, Old Woking, United Kingdom)",electromyogram data from individuals with or without neuromuscular disease,myoelectric
Eye Tracking Dataset for the 12-Lead Electrocardiogram Interpretation of Medical Practitioners and Students: The project aims at collecting a dataset using eye-tracking technology to understand the 12-lead electrocardiogram interpretation visual behavior for medical practitioners and students with different expertise levels.,Mar 2022,Sep 2022,X,0,X,0,63 different medical practitioners from five expertise categories interpreted ten different ECGs each,1,51,12,0,63,"20 - 23yrs: n = 10
23 - 25yrs: n = 9
26 - 30yrs: n = 21
30 - 35yrs: n = 11
35 - 45yrs: n = 12 (Mean age was 28 for all groups)",1,28,20,45,Qatar,"Ar Rayyan, Qatar (Qatar Biomedical Research Institute, Hamad bin Khalifa University); Doha, Qatar (Hamad Medical Corporation)",All worked in the healthcare fiedl, Tobii Pro X2-60 eye tracker and iMotions version 8.1 software,Eye tracking movement of medical practioners and students when analyzing electrocardiograms,other
Fantasia Database: ECG and respiration signals collected from 40 young and elderly subjects during supine resting.,Mar 2003,Oct 1996,X,0,X,0,"40 (20 young subjects and 20 elderly patients) stated on PhysioNet; however, on actual publication, it instead says 20 total subjects (10 young and 10 elderly)",1,20,20,0,40,Twenty young (21 - 34 years old) patients; twenty elderly (68 - 85 years old) stated on PhysioNet,1,50.25,21,85,USA,"Boston, Massachusetts (Beth Israel Deaconess Medical Center)","Patients were ""rigorously-screened"" as healthy patients",X,"continuous ECG recordings and respirations signals (as well as uncalibrated continuous non-invasive blood pressure signal in half of the group) while nderwent 120 minutes of continuous supine resting while watching the Disney movie, Fantasia",multi_parameter
Fetal ECG Synthetic Database,Apr 2016,Apr 2016,X,0,X,0,10 (simulated pregnant women) x 7 (cases) x 5 (SNR levels) x 5 (repetitions) = 1750 synthetic signals were produced,1,0,10,0,10,X,0,X,X,X,X,X,Women were already pregnant,data is generated using the FECGSYN simulator,simulated adult and non-invasive fetal ECG (NI-FECG) signals,cardiac_electrophysiology
Fetal PCG Database,Dec 2015,Sep 2012,X,0,X,0,"35 pregnant women (stated in original publication, not on PhysioNet); 26 fetal PCG signals recorded",1,0,35,0,35,25-35,1,X,25,35,Italy,"Naples, Italy",All women were healthy and also pregnant during the last months of their singleton physiological pregnancies (gestational week between 31 and 40),portable phonocardiographic device (Fetaphon Monitoring System by Pentavox),fPCG signals were recorded,cardiovascular
Gait in Aging and Disease Database: Walking stride interval time series from 15 subjects.,Oct 2000,X,X,0,X,0,15,0,X,X,X,15,"Three groups: 5 healthy young adults (23 - 29 years old), 5 healthy old adults (71 - 77 years old), and 5 older adults (60 - 77 years old)",1,X,X,X,USA,"Boston, Massachusetts (Beth Israel Deaconess Medical Center)",10 patients were classified as healthy while 5 remaining patients had Parkinson's Disease,"The stride interval was measured using ultra-thin, force sensitive resistors placed inside the shoe. The analog force signal was sampled at 300 Hz with a 12 bit A/D converter, using an ambulatory, ankle-worn microcomputer that also recorded the data (not specified on PhysioNet)",Walking stride interval time series from healthy patients walking in a circle and patients with Parkinson's walking up and down a hallway,gait/balance/motion
Gait in Neurodegenerative Disease Database: Database of simulated adult and non-invasive fetal ECG signals.,Dec 2000,Jun 2000,X,0,X,0,64,1,28,36,0,64,Control age range: 20-95;       Huntington's Disease age range: 45-102;                Parkinson's Disease: 43-100;           ALS age range: 36-70,1,X,X,X,USA,"Boston, Massachusetts (Massachusetts General Hospital)","The records in this database are from patients with Parkinson's disease (n = 15), Huntington's disease (n = 20), or amyotrophic lateral sclerosis (n = 13). Records from 16 healthy control subjects are also included here.","To measure the gait rhythm and the timing of the gait cycle, force-sensitive insoles (16) were placed in the subject's sho",gait rhythm via time series data,neuroelectric
"Gait in Parkinson's Disease: This database contains measures of gait from 93 patients with idiopathic PD (mean age: 66.3 years; 63% men), and 73 healthy controls (mean age: 66.3 years; 55% men). The database includes the vertica…",Feb 2008,X,X,0,X,0,166 total subjects: 93 had Parkinson's and 73 were healthy subjects,1,99,67,0,166,idiopathic Parkinson's Disease Group (mean age: 66.3 years);       Healthy group (mean age: 66.3 years),1,X,X,X,USA,X,"Portion of subjects had Parkinson's Disease (experimental group), while control gorup composed of all healthy patients","8 sensors (Ultraflex Computer Dyno Graphy, Infotronic Inc.) that measure force (in Newtons) as a function of time","vertical ground reaction force records of subjects as they walked at their usual, self-selected pace for approximately 2 minutes on level ground. database also includes demographic information, measures of disease severity (i.e., using the Hoehn & Yahr staging and/or the Unified Parkinson's Disease Rating Scale) and other related measures",gait/balance/motion
Gait Maturation Database,Oct 1999,Mar 1999,X,0,X,0,50,1,25,25,0,50,40 months-163 months,1,X,3.333333333,13.58333333,USA,"Boston, Massachusetts","All children were healthy. Children were excluded if they had any disorders likely to affect gait, if they were unable to walk independently for 8 min, or if they were born prematurely.",Two force-sensitive switches were placed inside the subject's right shoe: one underneath the heel of the foot and the other underneath the ball of the foot (not specified),"The first column is the time (in seconds), and the second column is the stride interval (in seconds) or the gait cycle duration, the time from heel strike to heel strike of the same foot",gait/balance/motion
Gesture Recognition and Biometrics ElectroMyogram (GRABMyo),Dec 2022,Nov 2022,X,0,X,0,43 participants ((43 users × 3 days = 129 recording sessions),1,23,20,0,43,24-35,1,X,24,35,Canada,"Ontario, Canada (University of Waterloo)","all healthy participants. Individuals with any existing muscle pain, skin allergies, and those who were unable to complete the three sessions due to any unprecedent circumstances were excluded from the study.","The EMGUSB2 + (OT Bioelettronica, Italy), a commercial amplifier, was used for acquiring the sEMG signals. The gain of the device was set to 500, and the sampling rate was set to 2048 Hz. Pre-gelled skin-adhesive monopolar sEMG electrodes (AM-N00S/E, Ambu, Denmark) were used.",electromyogram (EMG) recordings collected from the wrist and forearm muscles while performing hand gestures,myoelectric
Haaglanden Medisch Centrum sleep staging database,Mar 2022,Aug 2021,X,0,X,0,151 whole-night polysomnographic (PSG) sleep recordings,1,85,66,0,151,53.9 ± 15.4,1,54.9,X,X,Netherlands,Netherlands (Haaglanden Medisch Centrum),Patients were not subjected to any other treatment nor prescribed any additional behavior outside of the usual clinical procedures,"SOMNOscreen PSG, PSG+, and EEG 10-20 recorders (SOMNOmedics, Germany) using AgAgCl electrodes","contains electroencephalographic (EEG), electrooculographic (EOG), chin electromyographic (EMG), and electrocardiographic (ECG) activity, as well as event annotations corresponding to scoring of sleep patterns (hypnogram) performed by sleep technicians",multi_parameter
Heart Rate Oscillations during Meditation: Heart rate time series for 5 different groups of healthy subjects performing meditation techniques.,Oct 2000,Jul 1999,X,0,X,0,34,1,14,20,0,34,"Group 1: 20–35, mean 29; Group 2: 20–35, mean 25; Group 3: 21–55, mean 39",1,X,X,X,USA,"Beth Israel Deaconess Medical Center, Boston",healthy,ECG,heart rate oscillations from healthy patients performing various forms of yoga,cardiovascular
Human Balance Evaluation Database: Force platform recordings from 163 subjects undergoing stabilography tests.,May 2016,Jun 2016,X,0,X,0,163,1,547,1383,0,1930,Reported in data,1,47.4,X,X,Brazil,"Federal University of ABC (Santo André, Brazil)",,stabilography test,"recorded Force/N - (x, y and z), Moment/Nm - (x, y and z), Center-of-Pressure/cm - (x and y)",gait/balance/motion
Icelandic 16-electrode Electrohysterogram Database,May 2015,Apr 2015,X,0,X,0,45,1,0,45,0,45,X,0,X,X,X,Iceland,Akureyri Primary Health Care Centre and Landspitali University Hospital,pregant,16 lead EHG,EHG,myoelectric
Icentia11k Single Lead Continuous Raw Electrocardiogram Dataset: This is a dataset of continuous raw electrocardiogram (ECG) signals for representation learning containing 11 thousand patients and 2 billion labelled beats.,2022,2019,X,0,X,0,"11,000",1,X,X,X,11000,mean 62.2±17.4,1,62.2,X,X,Canada,"Ontario, Canada",potential for cardiac arrhythmias,"used CardioSTAT, a single-lead heart monitor device from Icentia",ECG,cardiac_electrophysiology
"In-Gauge and En-Gage: Understanding Occupants' Behaviour, Engagement, Emotion, and Comfort Indoors with Heterogeneous Sensors and Wearables",2023,2022,X,0,X,0,29,1,12,17,0,29,Teachers: not all reported; students 15.95,1,X,X,X,Australia,"Melbourne, Australia","23 students, 6 teachers",wearable sensors and self reports (Empatica E4),"includes wearable sensor data (electrodermal activity, heart rate, blood volume pulse, skin temperature, 3-axis acceleration data), environmental data and self-report data (student engagement, emotion, thermal comfort, seating behaviours)",multi_parameter
Indian Institute of Science Fetal Heart Sound Database (IIScFHSDB),2022,2022,X,0,X,0,60,1,0,60,0,60,18-27 years of age with gestation weeks 30-40,1,X,18,27,India,"St. John's Hospital, Bangalore",expecting mothers,"used electronic stethoscope (SS30LA) connected to a data acquisition system (MP36, Biopac Systems Inc.)",fPCG,cardiovascular
Influence of the MHD effect on 12-lead and 3-lead ECGs recorded in 1T to 7T MRI scanners,2017,2017,X,0,X,0,23,0,X,X,X,23,mean 27.1 ±3.2 years,1,27.1,X,X,Germany,"2011-2017 Otto-von-Guericke University of Magdeburg, Germany",volunteers,MRI,ECG,cardiac_electrophysiology
Intracardiac Atrial Fibrillation Database,2000,X,X,0,X,0,8,1,5,3,0,8,nested jsons,1,73.25,58,81,X,X,atrial fib/flutter,decapolar catheter,"8 signals: intracardiac: CS12 - CS90, or ECG: I, II, V1, aVF",cardiac_electrophysiology
KINECAL: A dataset for balance falls-risk assessment and balance impairment analysis,2022,X,X,0,X,0,90,1,53,47,0,90,Healthy: 36.7 ± 16.8; motor dysfunction 60.44 ± 14.2,1,X,X,X,UK,maybe Manchester Metropolitan University,"44 healthy, 32 motor dysfunction",Kinect V2,different movements,gait/balance/motion
"Labeled raw accelerometry data captured during walking, stair climbing and driving",2020,X,X,0,X,0,200,1,13,19,0,32,"Per attached patient demographics csv file, average age is 39.03",1,39.03,23,52,Russia,Nizhny Novgorod City Hospital No 5 in 2017–2018,healthy,12 lead ECG,ECG,gait/balance/motion
Lobachevsky University Electrocardiography Database,2007,2020,X,0,X,0,44,1,115,85,0,200,Stated Average Age on PhysioNet page was 52; states maximum age is >89 but does not provide exact value,1,52,15,>89,USA,Northwestern,AF,ECG holter,ECG,cardiac_electrophysiology
Long Term AF Database,2007,2007,X,0,X,0,"84 recordings posted on PhysioNet; however, associated publication states that 44 patients were enrolled (27 men, 17 women)",1,27,17,0,44,"Not mentioned on PhysioNet description or raw files, but mentioned on associated publication. Patients with PAF (N= 24) ranged in age from 43 to 89 years (mean ± SD, 67 ± 11 years). Patients with sustained AF (N=20) ranged in age from 39 to 87 years (66 ± 12 years).",1,66.5,39,89,USA,Northwestern,patients with paroxysmal or sustained atrial fibrillation (AF),ECG,"QRS, ATR from ECG",cardiac_electrophysiology
"Long Term Movement Monitoring Database: The LTMM database contains 3-day 3D accelerometer recordings of 71 elder community residents, used to study gait, stability, and fall risk.",2015,Jun 2013,X,0,X,0,71,1,25,46,0,71,mean age = 78.36 ± 4.71 years; range = 65-87,1,78.36,65,87,Norway,"Norwegian University of Science and Technology
",elder community residents,X,"fall, 3 day living, and gait assessnments performed",gait/balance/motion
"Long Term ST Database: The Long-Term ST Database contains 86 lengthy ECG recordings of 80 human subjects, chosen to exhibit a variety of events of ST segment changes, including ischemic ST episodes, axis-related non-ischem…",2003,2003,X,0,X,0,86 samples of 80,1,46,29,5,80,Age (and sex) were missing for five patients; age values obtained and calculated from associated publication,1,66.4,23,87,Slovenia,"University of Ljubljana, Slovenia",,ECG,ECG,cardiac_electrophysiology
"Long-term Recordings of Gait Dynamics: Stride interval fluctuations were studied in ten young, healthy men. Participants had no history of any neuromuscular, respiratory or cardiovascular disorders, and were taking no medications. Mean ag…",2000,2000,X,0,X,0,19,1,10,9,0,19,21.7,1,21.7,18,29,USA,Harvard,healthy,X,stride interval fluctuations,gait/balance/motion
"MAMEM SSVEP Database: Released by the Information Technologies Institute (CERTH-ITI) and powered by MAMEM HORIZON 2020, the MSSVEP database contains EEG recordings of 11 subjects under the stimulation of flickering lights…",2016,Feb 2016,X,0,X,0,11,1,8,3,0,11,30.4,1,30.4,24,39,Greece,Thermi (?) Information Technologies Institute,none listed,EEG,EEG,neuroelectric
Mental workload during n-back task captured by TransCranial Doppler (TCD) sonography and functional Near-Infrared Spectroscopy (fNIRS) monitoring: Functional near-infrared spectroscopy and transcranial doppler sonography were used to measure changes in cerebral hemodynamics during cognitive stimulation.,2021,X,X,0,X,0,14,1,10,4,0,14,31±5.94,1,31,X,X,USA,University of Oklahoma 2018,healthy,NIRScout,"relative concentration of oxy- and deoxyhemoglobin (HbO and HbR, respectively), and cerebral Blood Flow Velocity (BFV) in the middle cerebral arteries for the entire duration of the testing (~11 minutes)",cardiovascular
"Long Term ST Database
",1991,1991,X,0,X,0,250,1,46,29,5,250,Age Range of Males: 44-85;     Age Range of Females: 23-87 ,1,X,23,87,USA,Massachusetts General Hospital,different stages of hospitalization,ECG,"includes electronic recordings of hemodynamic and electrocardiographic waveforms of stable and unstable patients in critical care units, operating rooms, and cardiac catheterization laboratories",cardiovascular
"MICRO Motion capture data from groups of participants standing still to auditory stimuli (2012)
",2020,X,X,0,X,0,113,1,48,65,0,113,26.6,1,26.6,X,X,Norway,"University of Oslo, 3/12/2012",volunteers,Qualysis motion capture,head movement,gait/balance/motion
MICRO Motion capture data from groups of participants standing still to auditory stimuli (2015),2020,X,X,0,X,0,108,1,58,50,0,108,24.7,1,24.7,13,63,Norway,"University of Oslo, 3/12/2015",volunteers,Qualysis motion capture,head movement,gait/balance/motion
"MIMIC Database
",1996,X,X,0,X,0,"90 patients, 200 days",1,X,X,X,X,,1,X,X,X,USA,Harvard MIT ,ICU patients,bedside monitor,"includes qrs (ECG beat labels, all beats labelled normal) for all records; al (annotations for alarms related to changes in the patient's status) and in (annotations related to changes in the functioning of the monitor) for all records after 055; and abp (arterial blood pressure), pap (pulmonary arterial pressure), cvp (central venous pressure), and ple (fingertip plethysmograph)",clinical
MIMIC-III Clinical Database Demo: An open source demo of the MIMIC-III Clinical Database,Apr 2019,X,X,0,X,0,100,1,45,45,1,91,68.13±14.7 (3 not recorded),1,68.13,21,92,USA,2000-2012 from Beth Israel Deaconess Medical Center,randomly selected from patients who will die,X,,clinical
"MIMIC-III Waveform Database Matched Subset
",Apr 2020,X,X,0,X,0,"10,282",1,45,55,0,100,88.92±64.8,1,88.92,19,302,USA,,,bedside monitors in ICU and NICU,,clinical
"MIMIC-III Waveform Database
",Apr 2020,X,X,0,X,0,30000 patients,0,45,55,0,100,88.92±64.8,1,88.92,19,302,USA,,,,,clinical
MIMIC-IV Clinical Database Demo on FHIR,2022,X,White,1,Latino/Hispanic,1,100,1,61,39,0,100,"reported in JSON  (reported as anonymized birth years, some given date of death)",1,X,X,X,USA,Beth Israel Hospital,,,,clinical
MIMIC-IV Clinical Database Demo.,Jan 2023,X,X,0,X,0,100,1,57,43,0,100,61.75±16.2,1,61.75,21,91,USA,2011-2013 or 2014-2016 from Beth Israel Deaconess Medical Center,admitted to ED,,,clinical
MIMIC-IV demo data in the OMOP Common Data Model,2000,X,"Black/African American, White, unknown",1,X,0,100,1,57,43,0,100,provides anonymized year of birth,1,X,X,X,USA,MIT 1990-1995,ICU patients,"beside monitor, clinical data","includes qrs (ECG beat labels, all beats labelled normal) for all records; al (annotations for alarms related to changes in the patient's status) and in (annotations related to changes in the functioning of the monitor) for all records after 055; and abp (arterial blood pressure), pap (pulmonary arterial pressure), cvp (central venous pressure), and ple (fingertip plethysmograph)",clinical
MIMIC-IV Waveform Database,Jul 2022,X,X,0,X,0,198,1,X,X,X,X,X,0,X,X,X,USA,,ICU patients,bedside monitor,"includes electrocardiograms, photoplethysmograms, respiration, invasive and non-invasive blood pressure, and more",clinical
MIMIC-IV-ECG Demo - Diagnostic Electrocardiogram Matched Subset Demo,Jun 2022,X,X,0,X,0,92,0,X,X,X,X,X,0,X,X,X,USA,"2011-2019, Beth Israel Deaconess Medical Center",admitted to ED,,ECG,clinical
MIMIC-IV-ED Demo,Feb 2023,X,"White, ",1,X,0,100,0,X,X,X,100,X,0,X,X,X,USA,"2011-2019, Beth Israel Deaconess Medical Center",admitted to ED,,"diagnosis, medrecon, pyxis, triage, and vitalsign",clinical
MIT-BIH Arrhythmia Database P-Wave Annotations,Jan 2018,May 2018,X,0,X,0,12,1,6,6,0,12,"64.5, 1 age not recorded",1,64.5,51,89,USA,MIT-BIH arrhythmia database,,,p-wave annotations,cardiac_electrophysiology
MIT-BIH Arrhythmia Database,Feb 2005,X,X,0,X,0,47 chosen at random from overall dataset (one missing file),1,24,22,1,47,63.67±17.8,1,63.67,23,89,USA,MIT-BIH subjects from 1975-1979,,,,cardiac_electrophysiology
MIT-BIH Atrial Fibrillation Database,Nov 2000,X,X,0,X,0,25,0,X,X,X,X,X,0,X,X,X,USA,,,,,cardiac_electrophysiology
MIT-BIH ECG Compression Test Database,Aug 1999,X,X,0,X,0,168 ECG strips,0,X,X,X,X,X,0,X,X,X,USA,Beth Israel Hospital,X,ECG: holter recordings vs compressors,accuracy between compressed and uncompressed ECG signals,cardiac_electrophysiology
MIT-BIH Long-Term ECG Database,Aug 1999,X,X,0,X,0,7,0,X,X,X,X,X,0,X,X,X,USA,,,,,cardiac_electrophysiology
MIT-BIH Malignant Ventricular Ectopy Database,Aug 1999,1986,X,0,X,0,22,0,X,X,X,X,X,0,X,X,X,USA,,"patients experiencing sustained ventricular tachycardia, ventricular flutter, and ventricular fibrillation",,,cardiac_electrophysiology
MIT-BIH Noise Stress Test Database,Aug 1999,X,same as 107,0,X,0,12,0,X,X,X,X,X,0,X,X,X,USA,,,,,cardiac_electrophysiology
MIT-BIH Normal Sinus Rhythm Database,Aug 1999,X,X,0,X,0,18,1,5,13,0,18,M: 26-45; F: 20-50,1,X,20,50,USA,recorded at Boston's Beth Israel Hospital,referred to arrhythmia lab,ECG,ECG,cardiac_electrophysiology
MIT-BIH Polysomnographic Database,Aug 1999,Apr 1999,X,0,X,0,"18 records, 60 subjects",1,60,0,0,60,40,1,40,32,56,USA,recorded at Boston's Beth Israel Hospital Sleep Laboratory,diagnosing chronic obstructive sleep apnea,algorithm developed on CD-ROM,"ECG, EMG, EOG",multi_parameter
MIT-BIH ST Change Database,Aug 1999,1983,X,0,X,0,28 recordings,0,X,X,X,X,X,0,X,X,X,USA,,,,ECG,cardiac_electrophysiology
MIT-BIH Supraventricular Arrhythmia Database,Aug 1999,1990,X,0,X,0,78,0,X,X,X,X,X,0,X,X,X,USA,,,,,cardiac_electrophysiology
MMG Database v1.0.0,Mar 2016,Oct 2015,"B, W",1,X,0,25,1,0,25,0,25,includes gestational period,0,X,X,X,USA,"Little Rock, AK",pregancy,used 151 channel SARA (SQUID Array for Reproductive Assessment) system,MMG,myoelectric
Modulation of Plantar Pressure and Muscle During Gait,Jul 2018,May 2018,X,0,X,0,20,1,20,0,0,20,24.4 ± 5.7,1,24.4,20,44,Japan,Japan,healthy,F-scan in-shoe pressure measurement system,"plantar pressure, EMG",myoelectric
Motion and heart rate from a wrist-worn wearable and labeled sleep from polysomnography,Oct 2019,Dec 2019,X,0,X,0,31,1,10,21,0,31,]29.4±8.52,1,29.4,X,X,USA,"University of Michigan, June 2017-March 2019",healthy,Apple Watch,"HR, sleep, motion, steps",multi_parameter
Motion Artifact Contaminated ECG Database,Dec 2015,Jun 2015,X,0,X,0,1 participant,1,1,0,0,1,25,1,25,X,X,USA,Oregon State University,healthy,4 pairs of electrodes at 45 degree offsets,ECG,cardiac_electrophysiology
Motion Artifact Contaminated fNIRS and EEG Data: Examples of functional near-infrared spectroscopy and electroencephalogram recordings that have been created for evaluating artifact removal methods.,Mar 2014,Sep 2012,X,0,X,0,"10 fNIRS, 6 EEG",1,7,9,0,16,"fNIRS: 29, SD 5.92; EEG: 27 SD 4.29",1,X,X,X,Ireland,National University of Ireland at Maynooth,healthy,"fNIRS optodes, EEG channels","9 fNIRS, 23 EEG",neuroelectric
Multilevel Monitoring of Activity and Sleep in Healthy People,Jun 2020,Sep 2020,X,0,X,0,22,1,22,0,0,22,27.3 ± 4.2,1,27.3,20,40,Italy,University of Pisa,healthy,used Polar H7 heart rate monitor and ActiGraph wGT3X-BT,"collected beat-to-beat heart data, triaxial accelerometer data, sleep quality, physical activity, psychological characteristics (i.e., anxiety status, stress events and emotions), saliva bio-markers (i.e.cortisol and melatonin) and activity log ",multi_parameter
neuroQWERTY MIT-CSXPD Dataset,Dec 2016,Oct 2016,X,0,X,0,85 subjects,1,41,44,0,85,PD mean age = 59.0; control mean age: 60,1,X,X,X,Spain,Madrid,42 with and 43 without Parkinson's Disease,standard word processor Lenovo G50-70 i3-4005U,"typing timing, clinical evals (UPDRS and finger tapping tests)",gait/balance/motion
NInFEA: Non-Invasive Multimodal Foetal ECG-Doppler Dataset for Antenatal Cardiology Research,Nov 2020,Jan 2021,X,0,X,0,"60 entries, 39 subjects",1,0,39,0,39,21-27 weeks,1,X,X,X,Italy,"Cagliari University, Sardinia - Italy",pregnant,"ECG, respiration belt, Philips iE33 Ultrasound Machine","includes 27 electrophysiological channels (2048 Hz, 22 bits, acquired by means of the TMSi Porti7 system), maternal respiration signal (through a resistive thoracic belt), synchronised foetal trans-abdominal PWD and clinical annotations provided by expert clinicians",multi_parameter
Noise Enhancement of Sensorimotor Function: Postural sway measurements for 27 healthy young and elderly volunteers.,Oct 2004,Oct 2003,X,0,X,0,27,1,14,13,0,27,"Young: mean age 23, standard deviation 2; Elderly: mean age 73, standard deviation 3",1,X,X,X,USA,Boston University,old vs young,vibrating insole,postural sway,gait/balance/motion
Non-EEG Dataset for Assessment of Neurological Status,Jul 2017,Oct 2016,X,0,X,0,20,1,14,6,0,20,26.05±3.82,1,26.05,19,33,USA,Dallas,healthy,used non-invasive wrist worn biosensors,"electrodermal activity (EDA), temperature, acceleration, heart rate (HR), and arterial oxygen level (SpO2)",multi_parameter
Non-Invasive Fetal ECG Arrhythmia Database,Feb 2019,Jan 2019,X,0,X,0,26,1,0,26,0,26,"32 ± 6.8 for ARR, 23± 4.8 for NR",1,X,X,X,Israel,X,pregnancy,performed using non-invasive fetal electrocardiography,,cardiac_electrophysiology
Non-Invasive Fetal ECG Database,Sep 2007,X,X,0,X,0,"1 subject, 55 samples",1,0,1,0,1,weeks 21-40 of pregnancy,0,X,X,X,Spain,"Valencia, weeks 21-40 of pregnancy",pregancy,used multichannel abdominal non-invasive fetal electrocardiogram (FECG) recordings,FECG,cardiac_electrophysiology
Normal Sinus Rhythm RR Interval Database,Mar 2003,X,X,0,X,0,54,1,30,24,0,54,Men: aged 28.5 to 76; Women: aged 58 to 73,1,X,28.5,76,USA,St. Louis,normal,ECG,ECG,cardiac_electrophysiology
Norwegian Endurance Athlete ECG Database,Mar 2022,X,X,0,X,0,28,1,19,9,0,28,25±4.7,1,25,20,43,Norway,Norway,elite athletes,12 lead ECG - General Electric (GE) MAC VUE 360 electrocardiograph,ECG,cardiac_electrophysiology
OB-1 Fetal ECG Database,Aug 2012,X,X,0,X,0,X,1,0,1,0,1,X,0,X,X,X,X,X,,,"fetal scalp ECG, uterine muscular activity",multi_parameter
Open Access Dataset and Toolbox of High-Density Surface Electromyogram Recordings,Dec 2023,May 2021,X,0,X,0,20,1,12,8,0,20,22-34,1,X,22,34,China,Shanghai,intact fingers,Surface electromyogram,HD-sEMG,gait/balance/motion
PAF Prediction Challenge Database,Mar 2001,2001,X,0,X,0,100 subjects,0,X,X,98,98,X,0,X,X,X,USA,X,subjects with and without paroxysmal atrial fibrillation,ECG,ECG,cardiac_electrophysiology
Pattern Analysis of Oxygen Saturation Variability,Sep 2017,Aug 2017,X,0,X,0,36,1,17,19,0,36,"young cohort: Mean age = 21.0 (SD = 1.36 years)
old cohort: Mean age = 50.0 (SD = 10.4 years)",1,X,X,X,UK,"London, UK",smoking/non smoking,pulse pressure transducer,oxygen saturation variability,cardiovascular
Physiologic Response to Changes in Posture,Feb 2016,Sep 2003,X,0,X,0,10,1,5,5,0,10,28.7±1.2,1,28.7,,,USA,Harvard/MIT,healthy,"standard clinical ECG, non-invasive BP monitor",ECG and arterial BP waveform,multi_parameter
Post-Ictal Heart Rate Oscillations in Partial Epilepsy,Oct 1999,Oct 1999,X,0,X,0,"5 patients, 11 seizures recorded",1,0,5,0,5,31-48,1,X,31,48,USA,"Boston, MA - Beth Israel Deaconess Medical Center",partial epilepsy,"single LED ECG, custom software","EEG/ECG, video monitoring",cardiac_electrophysiology
"Pressure, flow, and dynamic thoraco-abdominal circumferences data for adults breathing under CPAP therapy",Jan 2023,X,X,0,X,0,30,1,15,15,0,30,23.1,1,23.1,19,37,UK,University of Canterbury,healthy,"used inelastic band tape measures attached to rotary encoders capturing expansion and contraction, questionnaire",processed data includes time [s]; pressure [cmH2O]; flow [L/s]; tidal volume [L]; inspiratory start point indices; chest circumference [mm]; and abdominal circumference [mm],other
Preterm Infant Cardio-Respiratory Signals Database,Feb 2017,Nov 2016,X,0,X,0,10,0,X,X,10,10,infants 9 3/7 to 34 2/7 weeks (mean: 31 1/7 weeks) and study weights of 843 to 2100 grams (mean: 1468 grams),1,X,X,X,USA,University of Massachusetts Medical School,"preterm infants were spontaneously breathing room air and did not have any congenital or perinatal infection of the central nervous system, intraventricular hemorrhage of grade II or higher, and hypoxic-ischemic encephalopathy","Intellivue MP70, Philips Medical Systems",single channel 3 LED ECG,cardiorespiratory
PTB Diagnostic ECG Database,Sep 2004,Jan 1995,X,0,X,0,"549 records, 290 subjects",1,209,81,0,290,57.2; ages were not recorded for 1 female and 14 male subjects,1,57.2,17,87,Germany,National Metrology Instituted of Germany,used for diagnostic purposes,"PTB prototype recorder - 14 ECG, 1 voltage, 1 respiration","15 simultaneously measured signals: the conventional 12 leads (i, ii, iii, avr, avl, avf, v1, v2, v3, v4, v5, v6) together with the 3 Frank lead ECGs (vx, vy, vz)",cardiac_electrophysiology
"PTB-XL, a large publicly available electrocardiography dataset",Nov 2022,May 2020,X,0,X,0,"18869 patients, 21799 ECG recordings",1,9812,9057,0,18869,"0-95 (median 62, IQR 22)",1,62,0,95,Germany,"collected from October 1989 and June 1996, adapted from Schiller AG - Germany: Physikalisch-Technische Bundesanstalt",patients seeing a cardiologist,12 led ECG,ECG,cardiac_electrophysiology
Pulse Amplitudes from electrodermal activity collected from healthy volunteer subjects at rest and under controlled sedation,Jun 2021,X,X,0,X,0,12,0,X,X,22,22,22-34,1,X,22,34,USA,MIT,healthy,"BedMaster system, electrodes placed on non-dominant hand",EDA,other
Pulse Transit Time PPG Dataset,Mar 2022,X,X,0,X,0,22,1,16,6,0,22,28.52,1,28.52,20,53,Australia,University of Sydney,healthy,"used Maxim Integrated MAX30101 PPG, 2x TAL221100g miniature load cells, 1x TDK - InvenSenseMPU-9250 IMU, 1x AD8232 ECG amplifier ECG","PPG, ECG, activity",multi_parameter
Q-Pain: A Question Answering Dataset to Measure Social Bias in Pain Management,Jun 2021,X,"Black, White, Asian, Hispanic (hypothetical)",1,X,0,80,1,40,40,0,80,Synthetic dataset,1,25.5,X,X,USA,X,,,,other
QT Database,Nov 1999,1997,X,0,X,0,14,1,8,6,0,14,67.5,1,67.5,X,X,USA,X,,,ECG,cardiac_electrophysiology
Quantitative Dehydration Estimation,Aug 2017,2015,X,0,X,0,10,1,10,0,0,10,28.5±7.8,1,28.5,20,50,Germany,X,volunteers,,"collected bioimpedance measurements, temperature measurements, salivary samples, and sweat samples",other
Recordings excluded from the NSR DB,Aug 1999,X,X,0,X,0,2,1,2,0,0,2,59,1,59,51,67,USA,,,,,cardiac_electrophysiology
Response to Valsalva Maneuver in Humans,Nov 2018,Dec 2018,X,0,X,0,27,1,13,14,0,27,39.8±19.19,1,39.8,18,76,USA,University of Michigan,"found histories positive for inherited cardiomyopathy, valvular disease, aneurism, dissection, vascular surgery, pulmonary hypertension, connective tissue disease, or stroke","Finapres blood pressure monitor, Valsalva maneuvers ","BP, thoracic pressure",multi_parameter
RR interval time series from healthy subjects,Aug 2021,Oct 2021,X,0,X,0,147,1,72,67,8,147,8.94±15.6,1,8.94,0.083,76,Argentina,National University of La Plata,healthy individuals,"24 hours using digital three-channel DMS300 7 and DMS300 3A recorders, and Galix recorders, using 3M electrodes","HRV, Holter recording",cardiac_electrophysiology
Safety and Preliminary Efficacy of Intranasal Insulin for Cognitive Impairment in Parkinson Disease and Multiple System Atrophy,Apr 2019,X,X,0,X,0,16 subjects,1,11,5,0,16,62.79±7.21,1,58.6,50,79,USA,Massachusetts ,Parkinson's Disease,insulin injections,"4 meter walk distance, motor skills, mental clarity, MoCA = the Montreal Cognitive Assessment, HY = Hoehn and Yahr Scale, BDI = Beck Depression Inventory, FAS = phonemic fluency and verbal memory, UPDRS= Unified Parkinson Disease Scale I-III, SBP= systolic blood pressure, DBP= diastolic blood pressure",multi_parameter
Samples of MR Images,Aug 2001,X,X,0,X,0,76 frames,0,X,X,X,X,X,0,X,X,X,X,X,X,used 1.5T General Electric (GE) Signa imaging system with gadolinium-contrast-enhancement for visualization of the cardiopulmonary vasculature,MRA of the torso,other
Santa Fe Time Series Competition Data Set B,Jan 2000,1993,X,0,X,0,X,0,X,X,X,X,X,0,X,X,X,USA,"Beth Israel Hospital, Boston, MA",,,"heart rate, respiration, blood oxygen, EEG",cardiorespiratory
Shiraz University Fetal Heart Sounds Database,Jan 2021,May 2015,X,0,X,0,"109 women, 119 recordings",1,0,109,0,109,29.3±5.8,1,29.3,16,47,Iran,"Shiraz, Iran","single and twin pregnancy, BMI from 19.5 to 38.9 mean±SD: 29.2±4.0",wide band mode of JABES electronic stethoscope,"PCG, heart sounds of mother",cardiovascular
Siena Scalp EEG Database,Aug 2020,2020,X,0,X,0,"17, 128 hours",1,11,6,0,17,35.8,1,35.8,20,71,Italy,"University of Siena, Italy",,"used EB Neuro and Natus Quantum LTM amplifiers, and reusable silver/gold cup electrodes",EEG in EDF format,neuroelectric
Simulated Fetal Phonocardiograms,Jan 2014,Sept 2012,X,0,X,0,associated publication states that fPCG signals were recorded from 35 pregnant women,1,0,35,0,35,X,0,X,X,X,Italy,X,,,data includes signals simulated with different SNR values from -26.7 dB to -4.4 dB,other
Simultaneous physiological measurements with five devices at different cognitive and physical loads,Jan 2023,Oct 2022,X,0,X,0,X,0,6,7,0,13,X,1,X,21,35,Germany,"Technical University of Dortmund, germany",,"used NeXus-10 MKII, eMotion Faros 360°, SOMNOtouch NIBP, Hexoskin Hx1, Polar RS800 Multi",,cardiorespiratory
Sleep Bioradiolocation Database,Feb 2018,Aug 2016,X,0,X,0,32,1,12,20,0,32,44.2±15.4,1,44.2,22,67,Russia,Moscow,insomnia (potentially),bioradar developed by Remote Sensing Laboratory of Bauman Moscow State Technical University,"bioradiolocation signals, annotations based on sleep/wake stage",other
Sleep Heart Health Study PSG Database,Oct 2003,X,X,0,X,0,6441 adults,1,X,1,6440,6441,>=40,1,X,X,X,USA,"the Framingham Offspring Cohort, Hagerstown and Minneapolis/St. Paul sites of the Atherosclerosis Risk in Communities (ARIC) study, Hagerstown, Sacramento and Pittsburgh sites of the Cardiovascular Health Study (CHS), Strong Heart Study sites in South Dakota, Oklahoma, and Arizona, studies of respiratory disease in Tucson and of hypertension in New York",cardiovascular risk factors determined from previous cohorts of data,"C3/A2 and C4/A1 EEGs, sampled at 125 Hz
right and left electrooculograms (EOGs), sampled at 50 Hz
a bipolar submental electromyogram (EMG), sampled at 125 Hz
thoracic and abdominal excursions (THOR and ABDO), recorded by inductive plethysmography bands and sampled at 10 Hz
“airflow” detected by a nasal-oral thermocouple (Protec, Woodinville, WA), sampled at 10 Hz
finger-tip pulse oximetry (Nonin, Minneapolis, MN) sampled at 1 Hz
ECG from a bipolar lead, sampled at 125 Hz for most SHHS-1 studies and 250 Hz for SHHS-2 studies
Heart rate (PR) derived from the ECG and sampled at 1 Hz
body position (using a mercury gauge sensor)
ambient light (on/off, by a light sensor secured to the recording garment)
","C3/A2 and C4/A1 EEGs, sampled at 125 Hz
right and left electrooculograms (EOGs), sampled at 50 Hz
a bipolar submental electromyogram (EMG), sampled at 125 Hz
thoracic and abdominal excursions (THOR and ABDO), recorded by inductive plethysmography bands and sampled at 10 Hz
“airflow” detected by a nasal-oral thermocouple (Protec, Woodinville, WA), sampled at 10 Hz
finger-tip pulse oximetry (Nonin, Minneapolis, MN) sampled at 1 Hz
ECG from a bipolar lead, sampled at 125 Hz for most SHHS-1 studies and 250 Hz for SHHS-2 studies
Heart rate (PR) derived from the ECG and sampled at 1 Hz
body position (using a mercury gauge sensor)
ambient light (on/off, by a light sensor secured to the recording garment)
",multi_parameter
Sleep-EDF Database Expanded,Oct 2013,Sep 2000,"Caucasian (reported on study description on PhysioNet, but not explicitly noted under patient data files for both Sleep Cassette and Telemetry Studies)",1,X,0,78 subjects in Sleep Cassette study; 44 in Sleep Telemetry Study,1,44,56,0,100,"ST mean 40.18, SC mean 59 ",1,54.7,21,35,Netherlands,X,,,"EEG, EOG, chin EMG, event markers, body temp, respiration",multi_parameter
Sleep-EDF Database,Dec 2002,2000,Caucasian,1,X,0,22,1,7,15,0,22,21-35,1,X,18,78,Netherlands,X,,,"horizontal EOG, FpzCz and PzOz EEG, each sampled at 100 Hz.",multi_parameter
Smart Health for Assessing the Risk of Events via ECG Database,May 2015,Mar 2015,X,0,X,0,139,1,90,49,0,139,71.25±10.69,1,71.25,56,80,Italy,"Naples, Italy",hyptertension,X,"ECG Holter recordings, HRV",cardiac_electrophysiology
Spontaneous Ventricular Tachyarrhythmia Database,May 2007,X,X,0,X,0,78,1,63,15,0,78,N,1,50,18,80,USA,X,at least one VT/VF episode,,,cardiac_electrophysiology
St Petersburg INCART 12-lead Arrhythmia Database,May 2008,X,X,0,X,0,32,1,17,15,0,32,58,1,58,28,68,Russia,"St. Petersburg, Russia","testing for coronary artery disease, most had ventricular ectopic beats",,ECG,cardiac_electrophysiology
St. Vincent's University Hospital / University College Dublin Sleep Apnea Database,Oct 2007,X,X,0,X,0,25,1,21,4,0,25,50 ± 10 ,1,50,28,68,Ireland,"St Vincent's University Hospital, Dublin","BMI: 31.6 ± 4.0 kg/m², range 25.1-42.5 kg/m²","Jaeger-Toennies system (Erich Jaeger GmbH, Germany)","EEG (C3-A2), EEG (C4-A1), left EOG, right EOG, submental EMG, ECG (modified lead V2), oro-nasal airflow (thermistor), ribcage movements, abdomen movements (uncalibrated strain gauges), oxygen saturation (finger pulse oximeter), snoring (tracheal microphone) and body position",multi_parameter
STAFF III Database,Jan 2017,2017,X,0,X,0,108,1,X,X,X,X,N,1,,,,USA,,,custom made equipment from Siemens–Elema ,12 LED ECG data,cardiac_electrophysiology
Stress Recognition in Automobile Drivers,May 2008,Jun 2005,X,0,X,0,X,0,X,X,X,X,X,0,X,X,X,USA,X,X,"electrodes, FlexComp ADC","electrocardiogram (EKG); electromyogram (EMG); skin conductivity (also known as EDA, electrodermal activation, and galvanic skin response); and respiration (through chest cavity expansion)",multi_parameter
Sudden Cardiac Death Holter Database,Jul 2004,1986,X,0,X,0,18,1,10,8,0,18,60.32±21.08,1,60.32,17,89,USA,X,underlying sinus rhythm,X,,cardiac_electrophysiology
Surface electromyographic signals collected during long-lasting ground walking of young able-bodied subjects,Jan 2024,2021,X,0,X,0,31,1,11,20,0,31,24.2±1.86,1,24.2,32,39,Italy,"Ancona, Italy; 2011-2018",X,X,,myoelectric
"Surrogate Data with Correlations, Trends, and Nonstationarities",Mar 2003,2001,X,0,X,0,28,0,X,X,X,X,X,0,X,X,X,X,X,,,,other
T-Wave Alternans Challenge Database,Sep 2008,2008,X,0,X,0,X,0,X,X,X,60,X,0,X,X,X,USA,X,,,,cardiac_electrophysiology
"Tai Chi, Physiological Complexity, and Healthy Aging - Gait",Dec 2021,2013,X,0,X,0,87,1,33,54,0,87,63.7±7.6,1,63.7,50,78,USA,Greater Boston,,,,gait/balance/motion
Tappy Keystroke Data,Oct 2017,X,X,0,X,0,>200,0,123,104,0,227,X,1,X,X,X,X,"U.S., Canada, UK and Australia",Parkinson's Disease,,,other
Term-Preterm EHG Database,Aug 2012,Apr 2008,X,0,X,0,300,1,0,300,0,300,,1,X,X,X,Slovenia,"University Medical Centre Ljubljana, 1997-2005",,,,myoelectric
Term-Preterm EHG DataSet with Tocogram,Aug 2018,Aug 2018,X,0,X,0,31,1,0,31,0,31,,1,X,X,X,Slovenia,X,,,,myoelectric
The CirCor DigiScope Phonocardiogram Dataset,May 2022,Dec 2021,X,0,X,0,1568,1,1082,486,0,1568,6.1 ± 4.3,1,6.1,0,21,Brazil,"Northeast Brazil, July - August 2014, June - July 2015",X,X,,cardiovascular
Treadmill Maximal Exercise Tests from the Exercise Physiology and Human Performance Lab of the University of Malaga,Dec 2021,Jul 2021,X,0,X,0,992,1,843,149,0,992,28.979,1,28.979,10,63,Spain,X,X,X,,cardiorespiratory
Two-tiered response of cardiorespiratory-cerebrovascular networks to orthostatic challenge,May 2021,X,X,0,x,0,10,1,5,5,0,10,26.3 ± 3.7,1,26.3,X,X,Hungary,Semmelweis University,none,,,multi_parameter
UniCA ElectroTastegram Database (PROP),Jul 2017,Jan 2017,X,0,X,0,39,1,16,23,0,39,X,0,X,X,X,Italy,X,X,X,,myoelectric
Video Pulse Signals in Stationary and Motion Conditions,Jul 2017,2015,X,0,X,0,15,1,12,3,0,15,25-35,1,X,25,35,Spain,X,X,X,,other
Visceral adipose tissue measurements during pregnancy,Mar 2020,X,X,0,58 not white,1,154,1,0,154,0,154,25.8±6.4,1,25.8,15,43,Brazil,"Porto Alegre, Oct 2016-Dec 2017",Pregnancy,,,clinical
"VitalDB, a high-fidelity multi_parameter vital signs database in surgical patients",Sep 2022,Jun 2022,X,0,X,0,6388,1,3243,3145,0,6388,X,1,X,0.3,>89,South Korea,"Seoul, Aug 2016-Jun 2017",X,X,,multi_parameter
VOICED Database,Jun 2018,May 2018,X,0,X,0,208,1,135,73,0,208,44.09,1,44.09,18,70,Italy,X,X,X,,other
Wearable-based signals during physical exercises from patients with frailty after open-heart surgery,Mar 2022,X,X,0,X,0,80,1,53,27,0,80,72.65±5.2,1,72.65,65,87,Lithuania,X,elderly patients who entered a cardiac rehab program after open heart surgery,Polar H10 (wearable device),,multi_parameter
Wilson Central Terminal ECG Database,Nov 2019,2016,X,0,X,0,92,1,65,27,0,92,65.23±12.12,1,65.23,X,X,Australia,X,X,tested Wilson Central Terminal,,cardiac_electrophysiology
Wrist PPG During Exercise,Oct 2017,2017,X,0,X,0,8,1,3,5,0,8,26.5,1,26.5,22,32,UK,X,X,"single channel, two electrode ECG recorded using actiwave",,cardiovascular